"position","const","created","modified","description","Title","Title type","Directors","You rated","IMDb Rating","Runtime (mins)","Year","Genres","Num. Votes","Release Date (month/day/year)","URL"
"1","tt0095016","Wed Sep 28 00:00:00 2016","","","Die Hard","Feature Film","John McTiernan","7","8.2","131","1988","action, thriller","599247","1988-07-12","http://www.imdb.com/title/tt0095016/"
"2","tt1683042","Wed Sep 28 00:00:00 2016","","","There Are Things You Don't Know","Feature Film","Fardin Saheb-Zamani","7","7.4","92","2010","drama","784","2010-07-06","http://www.imdb.com/title/tt1683042/"
"3","tt5186714","Wed Sep 28 00:00:00 2016","","","The Salesman","Feature Film","Asghar Farhadi","10","8.8","125","2016","drama, thriller","2524","2016-05-21","http://www.imdb.com/title/tt5186714/"
"4","tt3257072","Tue Sep 27 00:00:00 2016","","","Fish & Cat","Feature Film","Shahram Mokri","8","7.7","134","2013","drama, mystery, thriller","1163","2013-09-06","http://www.imdb.com/title/tt3257072/"
"5","tt2452254","Tue Sep 27 00:00:00 2016","","","Clouds of Sils Maria","Feature Film","Olivier Assayas","6","6.8","124","2014","drama","18166","2014-05-23","http://www.imdb.com/title/tt2452254/"
"6","tt3397884","Tue Sep 27 00:00:00 2016","","","Sicario","Feature Film","Denis Villeneuve","7","7.6","121","2015","action, crime, drama, mystery, thriller","206790","2015-05-19","http://www.imdb.com/title/tt3397884/"
"7","tt4044364","Tue Sep 27 00:00:00 2016","","","Citizenfour","Documentary","Laura Poitras","8","8.1","114","2014","documentary, biography, history, news","36033","2014-10-10","http://www.imdb.com/title/tt4044364/"
"8","tt0266543","Mon Aug 29 00:00:00 2016","","","Finding Nemo","Feature Film","Andrew Stanton, Lee Unkrich","8","8.2","100","2003","animation, adventure, comedy, family","703034","2003-05-30","http://www.imdb.com/title/tt0266543/"
"9","tt1921078","Mon Aug 29 00:00:00 2016","","","Saint Petersburg","Feature Film","Behruz Afkhami","6","6.5","","2010","adventure, comedy","1334","2010","http://www.imdb.com/title/tt1921078/"
"10","tt1843849","Mon Aug 29 00:00:00 2016","","","Absolutely Tame Is a Horse","Feature Film","Abdolreza Kahani","7","7.0","88","2011","comedy, drama","1068","2011-02-09","http://www.imdb.com/title/tt1843849/"
"11","tt0093389","Mon Aug 22 00:00:00 2016","","","The Last Emperor","Feature Film","Bernardo Bertolucci","8","7.8","163","1987","biography, drama, history","70941","1987-10-04","http://www.imdb.com/title/tt0093389/"
"12","tt0108778","Mon Aug 22 00:00:00 2016","","","Friends","TV Series","","8","9.0","22","1994","comedy, romance","488829","1994-09-22","http://www.imdb.com/title/tt0108778/"
"13","tt4532888","Mon Aug 22 00:00:00 2016","","","I Am Diego Maradona","Feature Film","Bahram Tavakoli","7","6.2","90","2015","comedy","339","2015-02-01","http://www.imdb.com/title/tt4532888/"
"14","tt0375679","Mon Aug 22 00:00:00 2016","","","Crash","Feature Film","Paul Haggis","8","7.9","112","2004","crime, drama, thriller","363505","2004-09-10","http://www.imdb.com/title/tt0375679/"
"15","tt0105695","Mon Aug 22 00:00:00 2016","","","Unforgiven","Feature Film","Clint Eastwood","8","8.3","131","1992","drama, western","280790","1992-08-03","http://www.imdb.com/title/tt0105695/"
"16","tt1170358","Mon Aug 22 00:00:00 2016","","","The Hobbit: The Desolation of Smaug","Feature Film","Peter Jackson","7","7.9","161","2013","adventure, fantasy","489133","2013-12-02","http://www.imdb.com/title/tt1170358/"
"17","tt0075148","Mon Aug 22 00:00:00 2016","","","Rocky","Feature Film","John G. Avildsen","8","8.1","120","1976","drama, sport","380348","1976-11-21","http://www.imdb.com/title/tt0075148/"
"18","tt0091763","Mon Aug 22 00:00:00 2016","","","Platoon","Feature Film","Oliver Stone","9","8.1","120","1986","drama, war","294772","1986-12-19","http://www.imdb.com/title/tt0091763/"
"19","tt3172532","Mon Aug 22 00:00:00 2016","","","The Diary of a Teenage Girl","Feature Film","Marielle Heller","8","6.9","102","2015","drama, romance","17998","2015-01-24","http://www.imdb.com/title/tt3172532/"
"20","tt0116209","Mon Aug 22 00:00:00 2016","","","The English Patient","Feature Film","Anthony Minghella","8","7.4","162","1996","drama, romance, war","143453","1996-10","http://www.imdb.com/title/tt0116209/"
"21","tt0887912","Mon Aug 22 00:00:00 2016","","","The Hurt Locker","Feature Film","Kathryn Bigelow","8","7.6","131","2008","drama, history, thriller, war","335370","2008-09-04","http://www.imdb.com/title/tt0887912/"
"22","tt0099348","Mon Aug 22 00:00:00 2016","","","Dances with Wolves","Feature Film","Kevin Costner","8","8.0","181","1990","adventure, drama, western","188170","1990-10-19","http://www.imdb.com/title/tt0099348/"
"23","tt0138097","Mon Aug 22 00:00:00 2016","","","Shakespeare in Love","Feature Film","John Madden","7","7.2","123","1998","comedy, drama, romance","176858","1998-12-03","http://www.imdb.com/title/tt0138097/"
"24","tt1655442","Mon Aug 22 00:00:00 2016","","","The Artist","Feature Film","Michel Hazanavicius","8","8.0","100","2011","comedy, drama, romance","191565","2011-05-15","http://www.imdb.com/title/tt1655442/"
"25","tt2872462","Mon Aug 22 00:00:00 2016","","","Mistress America","Feature Film","Noah Baumbach","7","6.7","84","2015","comedy","15912","2015-01-24","http://www.imdb.com/title/tt2872462/"
"26","tt0096969","Mon Aug 22 00:00:00 2016","","","Born on the Fourth of July","Feature Film","Oliver Stone","8","7.2","145","1989","biography, drama, war","77566","1989-12-20","http://www.imdb.com/title/tt0096969/"
"27","tt0416960","Sun Aug 21 00:00:00 2016","","","The Lizard","Feature Film","Kamal Tabrizi","8","8.6","115","2004","comedy, drama","6428","2004-02-04","http://www.imdb.com/title/tt0416960/"
"28","tt0385277","Sun Aug 21 00:00:00 2016","","","The Music Man","Feature Film","Dariush Mehrjui","8","7.6","107","2007","drama, musical","4708","2007","http://www.imdb.com/title/tt0385277/"
"29","tt1113810","Sun Aug 21 00:00:00 2016","","","M for Mother","Feature Film","Rasool Mollagholi Poor","7","7.6","113","2006","drama","2800","2006-10-24","http://www.imdb.com/title/tt1113810/"
"30","tt0102369","Sun Aug 21 00:00:00 2016","","","Mother","Feature Film","Ali Hatami","8","8.6","108","1991","drama","2755","1991","http://www.imdb.com/title/tt0102369/"
"31","tt0381061","Sun Aug 21 00:00:00 2016","","","Casino Royale","Feature Film","Martin Campbell","7","8.0","144","2006","action, adventure, thriller","475133","2006-11-14","http://www.imdb.com/title/tt0381061/"
"32","tt5179252","Sun Aug 21 00:00:00 2016","","","Shift-e Shab","Feature Film","Niki Karimi","5","4.8","","2015","drama","80","2015-10-14","http://www.imdb.com/title/tt5179252/"
"33","tt5216606","Sun Aug 21 00:00:00 2016","","","The Nameless Alley","Feature Film","Hatef Alimardani","7","5.9","83","2016","drama","216","2016-02-11","http://www.imdb.com/title/tt5216606/"
"34","tt2551076","Sun Aug 21 00:00:00 2016","","","Bikhod & Bi Jahat","Feature Film","Abdolreza Kahani","6","6.7","90","2012","comedy","700","2012-11-28","http://www.imdb.com/title/tt2551076/"
"35","tt0141842","Sat Aug 20 00:00:00 2016","","","The Sopranos","TV Series","","9","9.2","55","1999","crime, drama","193727","1999-01-10","http://www.imdb.com/title/tt0141842/"
"36","tt0976051","Sat Aug 20 00:00:00 2016","","","The Reader","Feature Film","Stephen Daldry","8","7.6","124","2008","drama, romance","191384","2008-12-10","http://www.imdb.com/title/tt0976051/"
"37","tt0053604","Thu Aug 11 00:00:00 2016","","","The Apartment","Feature Film","Billy Wilder","8","8.3","125","1960","comedy, drama, romance","110816","1960-06-15","http://www.imdb.com/title/tt0053604/"
"38","tt0118883","Thu Aug 11 00:00:00 2016","","","Conspiracy Theory","Feature Film","Richard Donner","6","6.7","135","1997","action, crime, mystery, romance, thriller","76821","1997-08-04","http://www.imdb.com/title/tt0118883/"
"39","tt1182350","Thu Aug 11 00:00:00 2016","","","You Will Meet a Tall Dark Stranger","Feature Film","Woody Allen","7","6.3","98","2010","comedy, drama, romance","36589","2010-05-15","http://www.imdb.com/title/tt1182350/"
"40","tt1985266","Thu Aug 11 00:00:00 2016","","","No Men Allowed","Feature Film","Rambod Javan","6","7.0","102","2011","comedy","2127","2011-06-15","http://www.imdb.com/title/tt1985266/"
"41","tt0405149","Thu Aug 11 00:00:00 2016","","","Mum's Guest","Feature Film","Dariush Mehrjui","7","7.2","103","2004","comedy, drama","2110","2004","http://www.imdb.com/title/tt0405149/"
"42","tt0187393","Thu Aug 11 00:00:00 2016","","","The Patriot","Feature Film","Roland Emmerich","7","7.1","165","2000","action, drama, history, war","209452","2000-06-27","http://www.imdb.com/title/tt0187393/"
"43","tt0435761","Thu Aug 11 00:00:00 2016","","","Toy Story 3","Feature Film","Lee Unkrich","8","8.3","103","2010","animation, adventure, comedy, family, fantasy","552327","2010-06-12","http://www.imdb.com/title/tt0435761/"
"44","tt1074638","Thu Aug 11 00:00:00 2016","","","Skyfall","Feature Film","Sam Mendes","7","7.8","143","2012","action, adventure, thriller","526853","2012-10-23","http://www.imdb.com/title/tt1074638/"
"45","tt0167404","Thu Aug 11 00:00:00 2016","","","The Sixth Sense","Feature Film","M. Night Shyamalan","7","8.1","107","1999","drama, mystery, thriller","712366","1999-08-02","http://www.imdb.com/title/tt0167404/"
"46","tt0198781","Thu Aug 11 00:00:00 2016","","","Monsters, Inc.","Feature Film","Pete Docter, David Silverman","9","8.1","92","2001","animation, adventure, comedy, family, fantasy","594290","2001-10-28","http://www.imdb.com/title/tt0198781/"
"47","tt0257044","Thu Aug 11 00:00:00 2016","","","Road to Perdition","Feature Film","Sam Mendes","8","7.7","117","2002","crime, drama, thriller","202099","2002-07-12","http://www.imdb.com/title/tt0257044/"
"48","tt0959337","Thu Aug 11 00:00:00 2016","","","Revolutionary Road","Feature Film","Sam Mendes","8","7.3","119","2008","drama, romance","153885","2008-12-15","http://www.imdb.com/title/tt0959337/"
"49","tt0416320","Thu Aug 11 00:00:00 2016","","","Match Point","Feature Film","Woody Allen","7","7.7","119","2005","drama, romance, thriller","168088","2005-05-12","http://www.imdb.com/title/tt0416320/"
"50","tt0286106","Thu Aug 11 00:00:00 2016","","","Signs","Feature Film","M. Night Shyamalan","7","6.7","106","2002","drama, mystery, sci_fi, thriller","273586","2002-07-29","http://www.imdb.com/title/tt0286106/"
"51","tt0497465","Thu Aug 11 00:00:00 2016","","","Vicky Cristina Barcelona","Feature Film","Woody Allen","7","7.2","96","2008","drama, romance","200063","2008-05-17","http://www.imdb.com/title/tt0497465/"
"52","tt2334873","Thu Aug 11 00:00:00 2016","","","Blue Jasmine","Feature Film","Woody Allen","8","7.3","98","2013","drama","152032","2013-07-22","http://www.imdb.com/title/tt2334873/"
"53","tt0277434","Thu Aug 11 00:00:00 2016","","","We Were Soldiers","Feature Film","Randall Wallace","6","7.1","138","2002","action, drama, history, war","104287","2002-02-25","http://www.imdb.com/title/tt0277434/"
"54","tt1859650","Thu Aug 11 00:00:00 2016","","","To Rome with Love","Feature Film","Woody Allen","6","6.3","112","2012","comedy, romance","68699","2012-04-20","http://www.imdb.com/title/tt1859650/"
"55","tt0079522","Thu Aug 11 00:00:00 2016","","","Manhattan","Feature Film","Woody Allen","8","8.0","96","1979","comedy, drama, romance","105483","1979-04-18","http://www.imdb.com/title/tt0079522/"
"56","tt3520564","Fri Aug  5 00:00:00 2016","","","Melbourne","Feature Film","Ehsan Javidi","7","6.7","91","2014","drama","712","2014-02-07","http://www.imdb.com/title/tt3520564/"
"57","tt2582496","Thu Aug  4 00:00:00 2016","","","Me and Earl and the Dying Girl","Feature Film","Alfonso Gomez-Rejon","7","7.8","105","2015","comedy, drama","80655","2015-01-25","http://www.imdb.com/title/tt2582496/"
"58","tt0068555","Tue Jul 19 00:00:00 2016","","","Everything You Always Wanted to Know About Sex * But Were Afraid to Ask","Feature Film","Woody Allen","7","6.8","88","1972","comedy","31425","1972-08-06","http://www.imdb.com/title/tt0068555/"
"59","tt0477348","Tue Jul 19 00:00:00 2016","","","No Country for Old Men","Feature Film","Ethan Coen, Joel Coen","8","8.1","122","2007","crime, drama, thriller","621319","2007-05-19","http://www.imdb.com/title/tt0477348/"
"60","tt0367594","Tue Jul 19 00:00:00 2016","","","Charlie and the Chocolate Factory","Feature Film","Tim Burton","6","6.7","115","2005","adventure, comedy, family, fantasy","324418","2005-07-10","http://www.imdb.com/title/tt0367594/"
"61","tt1605783","Tue Jul 19 00:00:00 2016","","","Midnight in Paris","Feature Film","Woody Allen","8","7.7","94","2011","comedy, fantasy, romance","304289","2011-05-11","http://www.imdb.com/title/tt1605783/"
"62","tt0099487","Tue Jul 19 00:00:00 2016","","","Edward Scissorhands","Feature Film","Tim Burton","8","7.9","105","1990","drama, fantasy, romance","361051","1990-12-06","http://www.imdb.com/title/tt0099487/"
"63","tt1748122","Tue Jul 19 00:00:00 2016","","","Moonrise Kingdom","Feature Film","Wes Anderson","8","7.8","94","2012","adventure, comedy, drama, romance","240758","2012-05-16","http://www.imdb.com/title/tt1748122/"
"64","tt0031381","Tue Jul 19 00:00:00 2016","","","Gone with the Wind","Feature Film","Victor Fleming","9","8.2","238","1939","drama, history, romance, war","217665","1939-12-15","http://www.imdb.com/title/tt0031381/"
"65","tt0817177","Tue Jul 19 00:00:00 2016","","","Flipped","Feature Film","Rob Reiner","7","7.7","90","2010","comedy, drama, romance","61485","2010-07-26","http://www.imdb.com/title/tt0817177/"
"66","tt0044081","Tue Jul 19 00:00:00 2016","","","A Streetcar Named Desire","Feature Film","Elia Kazan","9","8.0","122","1951","drama","79099","1951-09-09","http://www.imdb.com/title/tt0044081/"
"67","tt0118849","Wed Jul 13 00:00:00 2016","","","Children of Heaven","Feature Film","Majid Majidi","10","8.4","89","1997","drama, family","29212","1997-02","http://www.imdb.com/title/tt0118849/"
"68","tt0032976","Wed Jul 13 00:00:00 2016","","","Rebecca","Feature Film","Alfred Hitchcock","7","8.2","130","1940","drama, film_noir, mystery, romance, thriller","88533","1940-03-27","http://www.imdb.com/title/tt0032976/"
"69","tt0027977","Wed Jul 13 00:00:00 2016","","","Modern Times","Feature Film","Charlie Chaplin","9","8.6","87","1936","comedy, drama, family","145446","1936-02-05","http://www.imdb.com/title/tt0027977/"
"70","tt0083922","Wed Jul 13 00:00:00 2016","","","Fanny and Alexander","Feature Film","Ingmar Bergman","8","8.1","188","1982","drama","43909","1982-12-17","http://www.imdb.com/title/tt0083922/"
"71","tt0088763","Wed Jul 13 00:00:00 2016","","","Back to the Future","Feature Film","Robert Zemeckis","7","8.5","116","1985","adventure, comedy, sci_fi","742435","1985-07-03","http://www.imdb.com/title/tt0088763/"
"72","tt0081505","Wed Jul 13 00:00:00 2016","","","The Shining","Feature Film","Stanley Kubrick","9","8.4","146","1980","drama, horror","618520","1980-05-23","http://www.imdb.com/title/tt0081505/"
"73","tt0078748","Wed Jul 13 00:00:00 2016","","","Alien","Feature Film","Ridley Scott","7","8.5","117","1979","horror, sci_fi","571033","1979-05-25","http://www.imdb.com/title/tt0078748/"
"74","tt2084970","Wed Jul 13 00:00:00 2016","","","The Imitation Game","Feature Film","Morten Tyldum","7","8.1","114","2014","biography, drama, thriller, war","480522","2014-08-29","http://www.imdb.com/title/tt2084970/"
"75","tt0325980","Wed Jul 13 00:00:00 2016","","","Pirates of the Caribbean: The Curse of the Black Pearl","Feature Film","Gore Verbinski","7","8.1","143","2003","action, adventure, fantasy","818652","2003-06-28","http://www.imdb.com/title/tt0325980/"
"76","tt0073195","Wed Jul 13 00:00:00 2016","","","Jaws","Feature Film","Steven Spielberg","7","8.0","124","1975","adventure, drama, thriller","417760","1975-06-20","http://www.imdb.com/title/tt0073195/"
"77","tt0180093","Wed Jul 13 00:00:00 2016","","","Requiem for a Dream","Feature Film","Darren Aronofsky","9","8.4","102","2000","drama","580413","2000-05-14","http://www.imdb.com/title/tt0180093/"
"78","tt0120586","Wed Jul 13 00:00:00 2016","","","American History X","Feature Film","Tony Kaye","8","8.6","119","1998","crime, drama","791930","1998-10-30","http://www.imdb.com/title/tt0120586/"
"79","tt0117951","Wed Jul 13 00:00:00 2016","","","Trainspotting","Feature Film","Danny Boyle","8","8.2","94","1996","drama","474868","1996-02-23","http://www.imdb.com/title/tt0117951/"
"80","tt0054215","Wed Jul 13 00:00:00 2016","","","Psycho","Feature Film","Alfred Hitchcock","8","8.5","109","1960","horror, mystery, thriller","428063","1960-06-16","http://www.imdb.com/title/tt0054215/"
"81","tt0317248","Wed Jul 13 00:00:00 2016","","","City of God","Feature Film","Fernando Meirelles, Kátia Lund","8","8.7","130","2002","crime, drama","539330","2002-05-18","http://www.imdb.com/title/tt0317248/"
"82","tt0208092","Wed Jul 13 00:00:00 2016","","","Snatch","Feature Film","Guy Ritchie","7","8.3","104","2000","comedy, crime","607887","2000-08-23","http://www.imdb.com/title/tt0208092/"
"83","tt0066921","Wed Jul 13 00:00:00 2016","","","A Clockwork Orange","Feature Film","Stanley Kubrick","8","8.3","136","1971","crime, drama, sci_fi","565536","1971-12-19","http://www.imdb.com/title/tt0066921/"
"84","tt0078788","Wed Jul 13 00:00:00 2016","","","Apocalypse Now","Feature Film","Francis Coppola","9","8.5","153","1979","drama, war","455518","1979-05-19","http://www.imdb.com/title/tt0078788/"
"85","tt0110357","Wed Jul 13 00:00:00 2016","","","The Lion King","Feature Film","Roger Allers, Rob Minkoff","8","8.5","89","1994","animation, adventure, drama, family, musical","654306","1994-05-07","http://www.imdb.com/title/tt0110357/"
"86","tt0093058","Wed Jul 13 00:00:00 2016","","","Full Metal Jacket","Feature Film","Stanley Kubrick","9","8.3","116","1987","drama, war","491734","1987-06-17","http://www.imdb.com/title/tt0093058/"
"87","tt0107290","Wed Jul 13 00:00:00 2016","","","Jurassic Park","Feature Film","Steven Spielberg","7","8.1","127","1993","adventure, sci_fi, thriller","622325","1993-06-09","http://www.imdb.com/title/tt0107290/"
"88","tt0120382","Wed Jul 13 00:00:00 2016","","","The Truman Show","Feature Film","Peter Weir","8","8.1","103","1998","comedy, drama, sci_fi","677508","1998-06-01","http://www.imdb.com/title/tt0120382/"
"89","tt0118799","Wed Jul 13 00:00:00 2016","","","Life Is Beautiful","Feature Film","Roberto Benigni","7","8.6","116","1997","comedy, drama, war","426786","1997-12-20","http://www.imdb.com/title/tt0118799/"
"90","tt0062622","Wed Jul 13 00:00:00 2016","","","2001: A Space Odyssey","Feature Film","Stanley Kubrick","9","8.3","149","1968","adventure, mystery, sci_fi","433144","1968-04-02","http://www.imdb.com/title/tt0062622/"
"91","tt0253474","Wed Jul 13 00:00:00 2016","","","The Pianist","Feature Film","Roman Polanski","8","8.5","150","2002","biography, drama, war","506494","2002-05-24","http://www.imdb.com/title/tt0253474/"
"92","tt0103064","Wed Jul 13 00:00:00 2016","","","Terminator 2: Judgment Day","Feature Film","James Cameron","8","8.5","137","1991","action, sci_fi, thriller","753535","1991-07-01","http://www.imdb.com/title/tt0103064/"
"93","tt0405094","Wed Jul 13 00:00:00 2016","","","The Lives of Others","Feature Film","Florian Henckel von Donnersmarck","8","8.5","137","2006","drama, thriller","262763","2006-03-15","http://www.imdb.com/title/tt0405094/"
"94","tt2106476","Wed Jul 13 00:00:00 2016","","","The Hunt","Feature Film","Thomas Vinterberg","9","8.3","115","2012","drama","173829","2012-05-20","http://www.imdb.com/title/tt2106476/"
"95","tt0088247","Wed Jul 13 00:00:00 2016","","","The Terminator","Feature Film","James Cameron","8","8.1","107","1984","action, sci_fi","607596","1984-10-26","http://www.imdb.com/title/tt0088247/"
"96","tt0087843","Wed Jul 13 00:00:00 2016","","","Once Upon a Time in America","Feature Film","Sergio Leone","8","8.4","229","1984","crime, drama","223876","1984-02-17","http://www.imdb.com/title/tt0087843/"
"97","tt0034583","Wed Jul 13 00:00:00 2016","","","Casablanca","Feature Film","Michael Curtiz","9","8.6","102","1942","drama, romance, war","391652","1942-11-26","http://www.imdb.com/title/tt0034583/"
"98","tt0114709","Wed Jul 13 00:00:00 2016","","","Toy Story","Feature Film","John Lasseter","8","8.3","81","1995","animation, adventure, comedy, family, fantasy","632548","1995-11-19","http://www.imdb.com/title/tt0114709/"
"99","tt0086879","Wed Jul 13 00:00:00 2016","","","Amadeus","Feature Film","Milos Forman","7","8.3","160","1984","biography, drama, history, music","274067","1984-09-06","http://www.imdb.com/title/tt0086879/"
"100","tt0077416","Wed Jul 13 00:00:00 2016","","","The Deer Hunter","Feature Film","Michael Cimino","9","8.2","183","1978","drama, war","235162","1978-12-08","http://www.imdb.com/title/tt0077416/"
"101","tt1305806","Wed Jul 13 00:00:00 2016","","","The Secret in Their Eyes","Feature Film","Juan José Campanella","8","8.2","129","2009","drama, mystery, thriller","134176","2009-08-13","http://www.imdb.com/title/tt1305806/"
"102","tt0047396","Wed Jul 13 00:00:00 2016","","","Rear Window","Feature Film","Alfred Hitchcock","8","8.5","112","1954","mystery, thriller","320202","1954-08-01","http://www.imdb.com/title/tt0047396/"
"103","tt0075686","Wed Jul 13 00:00:00 2016","","","Annie Hall","Feature Film","Woody Allen","9","8.1","93","1977","comedy, romance","195556","1977-03-27","http://www.imdb.com/title/tt0075686/"
"104","tt0095765","Wed Jul 13 00:00:00 2016","","","Cinema Paradiso","Feature Film","Giuseppe Tornatore","8","8.5","155","1988","drama, romance","154752","1988-09-29","http://www.imdb.com/title/tt0095765/"
"105","tt0043014","Wed Jul 13 00:00:00 2016","","","Sunset Blvd.","Feature Film","Billy Wilder","8","8.5","110","1950","drama, film_noir, romance","141285","1950-08-10","http://www.imdb.com/title/tt0043014/"
"106","tt0032553","Wed Jul 13 00:00:00 2016","","","The Great Dictator","Feature Film","Charles Chaplin","9","8.5","125","1940","comedy, drama, war","139691","1940-10-15","http://www.imdb.com/title/tt0032553/"
"107","tt3762944","Wed Jul 13 00:00:00 2016","","","Hello Ladies: Hello Ladies: The Movie","TV Episode","Stephen Merchant","5","6.8","85","2013","comedy","4892","2014-11-22","http://www.imdb.com/title/tt3762944/"
"108","tt0060196","Tue Jul 12 00:00:00 2016","","","The Good, the Bad and the Ugly","Feature Film","Sergio Leone","7","8.9","161","1966","western","509421","1966-12-23","http://www.imdb.com/title/tt0060196/"
"109","tt0075314","Tue Jul 12 00:00:00 2016","","","Taxi Driver","Feature Film","Martin Scorsese","9","8.3","113","1976","crime, drama","514129","1976-02-07","http://www.imdb.com/title/tt0075314/"
"110","tt5332732","Fri Jun 24 00:00:00 2016","","","Shahrzad","TV Series","Hassan Fathi","7","8.5","60","2015","drama, romance","2194","2015-01-07","http://www.imdb.com/title/tt5332732/"
"111","tt0845439","Mon Jun 13 00:00:00 2016","","","Fireworks Wednesday","Feature Film","Asghar Farhadi","9","7.9","102","2006","drama, mystery, romance","4974","2006-02-08","http://www.imdb.com/title/tt0845439/"
"112","tt4532764","Mon Jun 13 00:00:00 2016","","","Crazy","Feature Film","Abolhassan Davoodi","7","6.9","","2015","drama","625","2015-03-11","http://www.imdb.com/title/tt4532764/"
"113","tt3170832","Mon Jun  6 00:00:00 2016","","","Room","Feature Film","Lenny Abrahamson","7","8.2","118","2015","drama","174487","2015-09-04","http://www.imdb.com/title/tt3170832/"
"114","tt0338013","Mon Jun  6 00:00:00 2016","","","Eternal Sunshine of the Spotless Mind","Feature Film","Michel Gondry","8","8.3","108","2004","drama, fantasy, romance, sci_fi","675909","2004-03-09","http://www.imdb.com/title/tt0338013/"
"115","tt4163264","Wed May 25 00:00:00 2016","","","Sperm Whale","Feature Film","Saman Moghadam","7","6.5","","2015","comedy","971","2015-02","http://www.imdb.com/title/tt4163264/"
"116","tt2245049","Mon May 23 00:00:00 2016","","","Modest Reception","Feature Film","Mani Haghighi","7","7.0","100","2012","comedy, drama","1168","2012-02-13","http://www.imdb.com/title/tt2245049/"
"117","tt1306980","Mon May 23 00:00:00 2016","","","50/50","Feature Film","Jonathan Levine","7","7.7","100","2011","comedy, drama, romance","272463","2011-09-12","http://www.imdb.com/title/tt1306980/"
"118","tt5695764","Fri May 20 00:00:00 2016","","","Inversion","Feature Film","Behnam Behzadi","8","5.6","","2016","drama","14","2016-05-18","http://www.imdb.com/title/tt5695764/"
"119","tt1663202","Thu May  5 00:00:00 2016","","","The Revenant","Feature Film","Alejandro G. Iñárritu","8","8.1","156","2015","adventure, drama, thriller, western","428269","2015-12-16","http://www.imdb.com/title/tt1663202/"
"120","tt2361509","Sat Apr  2 00:00:00 2016","","","The Intern","Feature Film","Nancy Meyers","7","7.2","121","2015","comedy, drama","139208","2015-09-15","http://www.imdb.com/title/tt2361509/"
"121","tt0116852","Wed Mar 30 00:00:00 2016","","","Leily Is with Me","Feature Film","Kamal Tabrizi","7","7.8","95","1996","adventure, comedy, war","2103","1996","http://www.imdb.com/title/tt0116852/"
"122","tt2358891","Wed Mar 30 00:00:00 2016","","","The Great Beauty","Feature Film","Paolo Sorrentino","8","7.7","141","2013","drama","56618","2013-05-21","http://www.imdb.com/title/tt2358891/"
"123","tt2884018","Sun Mar 27 00:00:00 2016","","","Macbeth","Feature Film","Justin Kurzel","7","6.7","113","2015","drama, war","35892","2015-05-23","http://www.imdb.com/title/tt2884018/"
"124","tt4079782","Tue Mar  8 00:00:00 2016","","","Absolute Rest","Feature Film","Abdolreza Kahani","6","6.0","","2015","drama","443","2015-03","http://www.imdb.com/title/tt4079782/"
"125","tt3659388","Sun Mar  6 00:00:00 2016","","","The Martian","Feature Film","Ridley Scott","7","8.0","144","2015","adventure, drama, sci_fi","494484","2015-09-11","http://www.imdb.com/title/tt3659388/"
"126","tt1322269","Sun Mar  6 00:00:00 2016","","","August: Osage County","Feature Film","John Wells","7","7.3","121","2013","drama","68641","2013-09-09","http://www.imdb.com/title/tt1322269/"
"127","tt0177511","Thu Mar  3 00:00:00 2016","","","The Glass Agency","Feature Film","Ebrahim Hatamikia","8","8.2","114","1999","action, drama, romance, thriller, war","3277","1999-02-19","http://www.imdb.com/title/tt0177511/"
"128","tt2401878","Thu Mar  3 00:00:00 2016","","","Anomalisa","Feature Film","Duke Johnson, Charlie Kaufman","8","7.3","90","2015","animation, comedy, drama, romance","34694","2015-09-04","http://www.imdb.com/title/tt2401878/"
"129","tt0106330","Thu Mar  3 00:00:00 2016","","","Az Karkheh ta Rhein","Feature Film","Ebrahim Hatamikia","7","7.4","93","1993","drama, war","1607","1993","http://www.imdb.com/title/tt0106330/"
"130","tt3526482","Mon Feb  8 00:00:00 2016","","","Tales","Feature Film","Rakhshan Bani-Etemad","8","7.2","88","2014","","759","2014-08-28","http://www.imdb.com/title/tt3526482/"
"131","tt0758758","Mon Feb  8 00:00:00 2016","","","Into the Wild","Feature Film","Sean Penn","9","8.2","148","2007","adventure, biography, drama","432217","2007-09-01","http://www.imdb.com/title/tt0758758/"
"132","tt1392190","Sat Feb  6 00:00:00 2016","","","Mad Max: Fury Road","Feature Film","George Miller","7","8.1","120","2015","action, adventure, sci_fi, thriller","568979","2015-05-07","http://www.imdb.com/title/tt1392190/"
"133","tt0449059","Sat Feb  6 00:00:00 2016","","","Little Miss Sunshine","Feature Film","Jonathan Dayton, Valerie Faris","8","7.9","101","2006","comedy, drama","359167","2006-01-20","http://www.imdb.com/title/tt0449059/"
"134","tt1527186","Sat Feb  6 00:00:00 2016","","","Melancholia","Feature Film","Lars von Trier","7","7.1","130","2011","drama","130387","2011-05-18","http://www.imdb.com/title/tt1527186/"
"135","tt2347569","Fri Jan 15 00:00:00 2016","","","Frances Ha","Feature Film","Noah Baumbach","7","7.4","86","2012","comedy, drama, romance","44750","2012-09-01","http://www.imdb.com/title/tt2347569/"
"136","tt4108894","Fri Jan 15 00:00:00 2016","","","What's the Time in Your World?","Feature Film","Safi Yazdanian","7","7.3","101","2014","drama, romance","754","2014-10-03","http://www.imdb.com/title/tt4108894/"
"137","tt0405159","Fri Jan 15 00:00:00 2016","","","Million Dollar Baby","Feature Film","Clint Eastwood","7","8.1","132","2004","drama, sport","487844","2004-12-05","http://www.imdb.com/title/tt0405159/"
"138","tt2402927","Sun Jan 10 00:00:00 2016","","","Carol","Feature Film","Todd Haynes","8","7.3","118","2015","drama, romance","64571","2015-05-17","http://www.imdb.com/title/tt2402927/"
"139","tt0169547","Fri Dec 11 00:00:00 2015","","","American Beauty","Feature Film","Sam Mendes","9","8.4","122","1999","drama, romance","831983","1999-09-08","http://www.imdb.com/title/tt0169547/"
"140","tt4636046","Thu Nov 19 00:00:00 2015","","","Nahid","Feature Film","Ida Panahandeh","8","6.6","105","2015","drama","565","2015-05-16","http://www.imdb.com/title/tt4636046/"
"141","tt2379713","Sun Nov 15 00:00:00 2015","","","Spectre","Feature Film","Sam Mendes","7","6.8","148","2015","action, adventure, thriller","283061","2015-10-26","http://www.imdb.com/title/tt2379713/"
"142","tt3674140","Tue Nov 10 00:00:00 2015","","","The Salt of the Earth","Documentary","Juliano Ribeiro Salgado, Wim Wenders","9","8.4","110","2014","documentary, biography, history","12161","2014-05-20","http://www.imdb.com/title/tt3674140/"
"143","tt0042192","Tue Nov  3 00:00:00 2015","","","All About Eve","Feature Film","Joseph L. Mankiewicz","8","8.3","138","1950","drama","83941","1950-10-13","http://www.imdb.com/title/tt0042192/"
"144","tt0335266","Tue Sep 15 00:00:00 2015","","","Lost in Translation","Feature Film","Sofia Coppola","9","7.8","101","2003","drama","324353","2003-08-29","http://www.imdb.com/title/tt0335266/"
"145","tt0467406","Sat Sep  5 00:00:00 2015","","","Juno","Feature Film","Jason Reitman","8","7.5","96","2007","comedy, drama","417802","2007-09-01","http://www.imdb.com/title/tt0467406/"
"146","tt0870984","Sat Sep  5 00:00:00 2015","","","Antichrist","Feature Film","Lars von Trier","6","6.6","108","2009","drama, horror","89336","2009-05-18","http://www.imdb.com/title/tt0870984/"
"147","tt3507558","Mon Aug 31 00:00:00 2015","","","Red Carpet","Feature Film","Reza Attaran","6","5.4","85","2014","comedy","642","2014-02-02","http://www.imdb.com/title/tt3507558/"
"148","tt0111161","Sun Aug 30 00:00:00 2015","","","The Shawshank Redemption","Feature Film","Frank Darabont","8","9.3","142","1994","crime, drama","1711064","1994-09-10","http://www.imdb.com/title/tt0111161/"
"149","tt0073486","Sun Aug 30 00:00:00 2015","","","One Flew Over the Cuckoo's Nest","Feature Film","Milos Forman","9","8.7","133","1975","drama","687689","1975-11-19","http://www.imdb.com/title/tt0073486/"
"150","tt1022603","Sun Aug 30 00:00:00 2015","","","(500) Days of Summer","Feature Film","Marc Webb","8","7.7","95","2009","comedy, drama, romance","380685","2009-01-17","http://www.imdb.com/title/tt1022603/"
"151","tt0309987","Sun Aug 30 00:00:00 2015","","","The Dreamers","Feature Film","Bernardo Bertolucci","7","7.2","115","2003","drama, romance","82031","2003-09-01","http://www.imdb.com/title/tt0309987/"
"152","tt1621444","Wed Aug 26 00:00:00 2015","","","Bill Cunningham New York","Documentary","Richard Press","8","7.9","84","2010","documentary, biography","4320","2010-03-24","http://www.imdb.com/title/tt1621444/"
"153","tt2718492","Tue Aug 25 00:00:00 2015","","","Ida","Feature Film","Pawel Pawlikowski","7","7.4","82","2013","drama","35399","2013-08-30","http://www.imdb.com/title/tt2718492/"
"154","tt0482571","Tue Aug 25 00:00:00 2015","","","The Prestige","Feature Film","Christopher Nolan","8","8.5","130","2006","drama, mystery, sci_fi, thriller","856064","2006-10-17","http://www.imdb.com/title/tt0482571/"
"155","tt0110413","Tue Aug 25 00:00:00 2015","","","Léon: The Professional","Feature Film","Luc Besson","9","8.6","110","1994","crime, drama, thriller","735791","1994-09-14","http://www.imdb.com/title/tt0110413/"
"156","tt1570728","Tue Aug 25 00:00:00 2015","","","Crazy, Stupid, Love.","Feature Film","Glenn Ficarra, John Requa","6","7.4","118","2011","comedy, drama, romance","378526","2011-07-19","http://www.imdb.com/title/tt1570728/"
"157","tt0211915","Tue Aug 25 00:00:00 2015","","","Amélie","Feature Film","Jean-Pierre Jeunet","8","8.4","122","2001","comedy, romance","540920","2001-04-25","http://www.imdb.com/title/tt0211915/"
"158","tt0108052","Thu Aug 20 00:00:00 2015","","","Schindler's List","Feature Film","Steven Spielberg","9","8.9","195","1993","biography, drama, history","876144","1993-11-30","http://www.imdb.com/title/tt0108052/"
"159","tt0443706","Thu Aug 20 00:00:00 2015","","","Zodiac","Feature Film","David Fincher","7","7.7","157","2007","crime, drama, history, mystery, thriller","306719","2007-02-28","http://www.imdb.com/title/tt0443706/"
"160","tt1130884","Mon Aug 17 00:00:00 2015","","","Shutter Island","Feature Film","Martin Scorsese","8","8.1","138","2010","mystery, thriller","798207","2010-02-13","http://www.imdb.com/title/tt1130884/"
"161","tt0903624","Mon Aug 17 00:00:00 2015","","","The Hobbit: An Unexpected Journey","Feature Film","Peter Jackson","7","7.9","169","2012","adventure, fantasy","643182","2012-11-28","http://www.imdb.com/title/tt0903624/"
"162","tt1255953","Sat Aug 15 00:00:00 2015","","","Incendies","Feature Film","Denis Villeneuve","8","8.2","139","2010","drama, mystery, war","82341","2010-09-03","http://www.imdb.com/title/tt1255953/"
"163","tt0120863","Sat Aug 15 00:00:00 2015","","","The Thin Red Line","Feature Film","Terrence Malick","8","7.6","170","1998","drama, war","140096","1998-12-22","http://www.imdb.com/title/tt0120863/"
"164","tt0499549","Thu Aug 13 00:00:00 2015","","","Avatar","Feature Film","James Cameron","7","7.9","162","2009","action, adventure, fantasy, sci_fi","894941","2009-12-10","http://www.imdb.com/title/tt0499549/"
"165","tt0120689","Thu Aug 13 00:00:00 2015","","","The Green Mile","Feature Film","Frank Darabont","8","8.5","189","1999","crime, drama, fantasy, mystery","795956","1999-12-06","http://www.imdb.com/title/tt0120689/"
"166","tt1937390","Thu Aug 13 00:00:00 2015","","","Nymphomaniac: Vol. I","Feature Film","Lars von Trier","7","7.0","117","2013","drama","83548","2013-12-25","http://www.imdb.com/title/tt1937390/"
"167","tt1659337","Thu Aug 13 00:00:00 2015","","","The Perks of Being a Wallflower","Feature Film","Stephen Chbosky","8","8.0","102","2012","drama, romance","356185","2012-09-08","http://www.imdb.com/title/tt1659337/"
"168","tt0421715","Thu Aug 13 00:00:00 2015","","","The Curious Case of Benjamin Button","Feature Film","David Fincher","8","7.8","166","2008","drama, fantasy, romance","463980","2008-12-10","http://www.imdb.com/title/tt0421715/"
"169","tt0112641","Thu Aug 13 00:00:00 2015","","","Casino","Feature Film","Martin Scorsese","8","8.2","178","1995","biography, crime, drama","337839","1995-11-14","http://www.imdb.com/title/tt0112641/"
"170","tt0099674","Thu Aug 13 00:00:00 2015","","","The Godfather: Part III","Feature Film","Francis Ford Coppola","8","7.6","162","1990","crime, drama","271478","1990-12-12","http://www.imdb.com/title/tt0099674/"
"171","tt0068646","Tue Aug 11 00:00:00 2015","","","The Godfather","Feature Film","Francis Ford Coppola","9","9.2","175","1972","crime, drama","1169641","1972-03-14","http://www.imdb.com/title/tt0068646/"
"172","tt0112573","Tue Aug 11 00:00:00 2015","","","Braveheart","Feature Film","Mel Gibson","8","8.4","178","1995","biography, drama, history, war","745257","1995-05-18","http://www.imdb.com/title/tt0112573/"
"173","tt0209144","Tue Aug 11 00:00:00 2015","","","Memento","Feature Film","Christopher Nolan","8","8.5","113","2000","mystery, thriller","856692","2000-09-05","http://www.imdb.com/title/tt0209144/"
"174","tt0071562","Tue Aug 11 00:00:00 2015","","","The Godfather: Part II","Feature Film","Francis Ford Coppola","9","9.0","202","1974","crime, drama","801209","1974-12-12","http://www.imdb.com/title/tt0071562/"
"175","tt0268978","Tue Aug 11 00:00:00 2015","","","A Beautiful Mind","Feature Film","Ron Howard","8","8.2","135","2001","biography, drama","619615","2001-12-13","http://www.imdb.com/title/tt0268978/"
"176","tt3676026","Tue Aug 11 00:00:00 2015","","","Tabagheye hasas","Feature Film","Kamal Tabrizi","7","5.8","90","2014","comedy, drama","627","2014-03-09","http://www.imdb.com/title/tt3676026/"
"177","tt0120815","Mon Aug 10 00:00:00 2015","","","Saving Private Ryan","Feature Film","Steven Spielberg","9","8.6","169","1998","action, drama, war","893185","1998-07-24","http://www.imdb.com/title/tt0120815/"
"178","tt0361748","Mon Aug 10 00:00:00 2015","","","Inglourious Basterds","Feature Film","Quentin Tarantino","8","8.3","153","2009","adventure, drama, war","898103","2009-05-20","http://www.imdb.com/title/tt0361748/"
"179","tt0120737","Mon Aug 10 00:00:00 2015","","","The Lord of the Rings: The Fellowship of the Ring","Feature Film","Peter Jackson","8","8.8","178","2001","action, adventure, drama, fantasy","1252665","2001-12-10","http://www.imdb.com/title/tt0120737/"
"180","tt0947798","Mon Aug 10 00:00:00 2015","","","Black Swan","Feature Film","Darren Aronofsky","8","8.0","108","2010","drama, thriller","556628","2010-09-01","http://www.imdb.com/title/tt0947798/"
"181","tt0167261","Mon Aug 10 00:00:00 2015","","","The Lord of the Rings: The Two Towers","Feature Film","Peter Jackson","8","8.7","179","2002","action, adventure, drama, fantasy","1113526","2002-12-05","http://www.imdb.com/title/tt0167261/"
"182","tt2382009","Mon Aug 10 00:00:00 2015","","","Nymphomaniac: Vol. II","Feature Film","Lars von Trier","6","6.7","123","2013","drama","60237","2013-12-25","http://www.imdb.com/title/tt2382009/"
"183","tt0120338","Sat Aug  8 00:00:00 2015","","","Titanic","Feature Film","James Cameron","7","7.7","194","1997","drama, romance","801818","1997-11-01","http://www.imdb.com/title/tt0120338/"
"184","tt0407887","Sat Aug  8 00:00:00 2015","","","The Departed","Feature Film","Martin Scorsese","8","8.5","151","2006","crime, drama, thriller","884989","2006-09-26","http://www.imdb.com/title/tt0407887/"
"185","tt1392214","Sat Aug  8 00:00:00 2015","","","Prisoners","Feature Film","Denis Villeneuve","8","8.1","153","2013","crime, drama, mystery, thriller","391574","2013-08-30","http://www.imdb.com/title/tt1392214/"
"186","tt0102926","Sat Aug  8 00:00:00 2015","","","The Silence of the Lambs","Feature Film","Jonathan Demme","8","8.6","118","1991","crime, drama, thriller","899829","1991-01-30","http://www.imdb.com/title/tt0102926/"
"187","tt0172495","Sat Aug  8 00:00:00 2015","","","Gladiator","Feature Film","Ridley Scott","8","8.5","155","2000","action, adventure, drama","994949","2000-05-01","http://www.imdb.com/title/tt0172495/"
"188","tt0086250","Sat Aug  8 00:00:00 2015","","","Scarface","Feature Film","Brian De Palma","7","8.3","170","1983","crime, drama","544092","1983-12-01","http://www.imdb.com/title/tt0086250/"
"189","tt0167260","Sat Aug  8 00:00:00 2015","","","The Lord of the Rings: The Return of the King","Feature Film","Peter Jackson","8","8.9","201","2003","action, adventure, drama, fantasy","1229873","2003-12-01","http://www.imdb.com/title/tt0167260/"
"190","tt1285016","Sat Aug  8 00:00:00 2015","","","The Social Network","Feature Film","David Fincher","7","7.7","120","2010","biography, drama","485200","2010-09-24","http://www.imdb.com/title/tt1285016/"
"191","tt1853728","Thu Aug  6 00:00:00 2015","","","Django Unchained","Feature Film","Quentin Tarantino","8","8.5","165","2012","drama, western","969939","2012-12-11","http://www.imdb.com/title/tt1853728/"
"192","tt1045658","Thu Aug  6 00:00:00 2015","","","Silver Linings Playbook","Feature Film","David O. Russell","7","7.8","122","2012","comedy, drama, romance","539282","2012-09-08","http://www.imdb.com/title/tt1045658/"
"193","tt0114814","Thu Aug  6 00:00:00 2015","","","The Usual Suspects","Feature Film","Bryan Singer","9","8.6","106","1995","crime, drama, mystery, thriller","749908","1995-01-25","http://www.imdb.com/title/tt0114814/"
"194","tt0113277","Thu Aug  6 00:00:00 2015","","","Heat","Feature Film","Michael Mann","9","8.2","170","1995","action, crime, drama, thriller","436025","1995-12-06","http://www.imdb.com/title/tt0113277/"
"195","tt1360860","Mon Aug  3 00:00:00 2015","","","About Elly","Feature Film","Asghar Farhadi","9","8.1","119","2009","drama, mystery, thriller","26494","2009-02-07","http://www.imdb.com/title/tt1360860/"
"196","tt0110912","Mon Aug  3 00:00:00 2015","","","Pulp Fiction","Feature Film","Quentin Tarantino","9","8.9","154","1994","crime, drama","1340799","1994-05-21","http://www.imdb.com/title/tt0110912/"
"197","tt0470752","Fri Jul 31 00:00:00 2015","","","Ex Machina","Feature Film","Alex Garland","8","7.7","108","2015","drama, mystery, sci_fi, thriller","298711","2015-01-21","http://www.imdb.com/title/tt0470752/"
"198","tt1856010","Thu Jul 30 00:00:00 2015","","","House of Cards","TV Series","","9","9.0","51","2013","drama","319592","2013-02-01","http://www.imdb.com/title/tt1856010/"
"199","tt1091191","Thu Jul 30 00:00:00 2015","","","Lone Survivor","Feature Film","Peter Berg","7","7.6","121","2013","action, biography, drama, thriller, war","206672","2013-11-12","http://www.imdb.com/title/tt1091191/"
"200","tt1010048","Thu Jul 30 00:00:00 2015","","","Slumdog Millionaire","Feature Film","Danny Boyle, Loveleen Tandan","8","8.0","120","2008","drama","647850","2008-08-30","http://www.imdb.com/title/tt1010048/"
"201","tt3060492","Fri Jul 24 00:00:00 2015","","","Before I Disappear","Feature Film","Shawn Christensen","7","7.2","93","2014","drama","6727","2014-03-10","http://www.imdb.com/title/tt3060492/"
"202","tt2404461","Tue Jul  7 00:00:00 2015","","","The Past","Feature Film","Asghar Farhadi","9","7.9","130","2013","drama, mystery","33657","2013-05-17","http://www.imdb.com/title/tt2404461/"
"203","tt1832382","Tue Jul  7 00:00:00 2015","","","A Separation","Feature Film","Asghar Farhadi","10","8.4","123","2011","drama, mystery","154147","2011-02-15","http://www.imdb.com/title/tt1832382/"
"204","tt0804503","Mon Jul  6 00:00:00 2015","","","Mad Men","TV Series","","9","8.6","47","2007","drama","145219","2007-07-19","http://www.imdb.com/title/tt0804503/"
"205","tt0114369","Thu Jun 25 00:00:00 2015","","","Se7en","Feature Film","David Fincher","9","8.6","127","1995","crime, drama, mystery, thriller","1037899","1995-09-15","http://www.imdb.com/title/tt0114369/"
"206","tt0119488","Thu Jun 25 00:00:00 2015","","","L.A. Confidential","Feature Film","Curtis Hanson","8","8.3","138","1997","crime, drama, mystery, thriller","418784","1997-05-14","http://www.imdb.com/title/tt0119488/"
"207","tt0993846","Wed Jun  3 00:00:00 2015","","","The Wolf of Wall Street","Feature Film","Martin Scorsese","8","8.2","180","2013","biography, comedy, crime, drama","796208","2013-12-17","http://www.imdb.com/title/tt0993846/"
"208","tt0137523","Wed Jun  3 00:00:00 2015","","","Fight Club","Feature Film","David Fincher","9","8.8","139","1999","drama","1365294","1999-09-10","http://www.imdb.com/title/tt0137523/"
"209","tt0109830","Wed Jun  3 00:00:00 2015","","","Forrest Gump","Feature Film","Robert Zemeckis","9","8.8","142","1994","comedy, drama","1269729","1994-06-23","http://www.imdb.com/title/tt0109830/"
"210","tt2326554","Fri May 22 00:00:00 2015","","","A Girl Walks Home Alone at Night","Feature Film","Ana Lily Amirpour","6","7.0","101","2014","drama, fantasy, horror","18005","2014-01-19","http://www.imdb.com/title/tt2326554/"
"211","tt0454876","Tue May 19 00:00:00 2015","","","Life of Pi","Feature Film","Ang Lee","8","8.0","127","2012","adventure, drama, fantasy","445569","2012-09-28","http://www.imdb.com/title/tt0454876/"
"212","tt2582802","Wed May 13 00:00:00 2015","","","Whiplash","Feature Film","Damien Chazelle","8","8.5","107","2014","drama, music","412911","2014-01-16","http://www.imdb.com/title/tt2582802/"
"213","tt2205697","Sun May 10 00:00:00 2015","","","Stuck in Love","Feature Film","Josh Boone","6","7.3","97","2012","comedy, drama, romance","65367","2012-09-09","http://www.imdb.com/title/tt2205697/"
"214","tt2024544","Sat May  9 00:00:00 2015","","","12 Years a Slave","Feature Film","Steve McQueen","8","8.1","134","2013","biography, drama, history","447412","2013-08-30","http://www.imdb.com/title/tt2024544/"
"215","tt1560747","Sat May  9 00:00:00 2015","","","The Master","Feature Film","Paul Thomas Anderson","7","7.1","144","2012","drama","106734","2012-09-01","http://www.imdb.com/title/tt1560747/"
"216","tt1454468","Sat May  9 00:00:00 2015","","","Gravity","Feature Film","Alfonso Cuarón","8","7.8","91","2013","adventure, drama, sci_fi, thriller","589533","2013-08-28","http://www.imdb.com/title/tt1454468/"
"217","tt2459156","Sat Apr 18 00:00:00 2015","","","Copenhagen","Feature Film","Mark Raso","7","7.2","98","2014","adventure, drama, romance","7993","2014-01-17","http://www.imdb.com/title/tt2459156/"
"218","tt0780504","Mon Apr  6 00:00:00 2015","","","Drive","Feature Film","Nicolas Winding Refn","8","7.8","100","2011","crime, drama","437171","2011-05-20","http://www.imdb.com/title/tt0780504/"
"219","tt2278871","Mon Apr  6 00:00:00 2015","","","Blue Is the Warmest Color","Feature Film","Abdellatif Kechiche","9","7.8","180","2013","drama, romance","94408","2013-05-23","http://www.imdb.com/title/tt2278871/"
"220","tt1817273","Mon Apr  6 00:00:00 2015","","","The Place Beyond the Pines","Feature Film","Derek Cianfrance","7","7.3","140","2012","crime, drama, thriller","189209","2012-09-07","http://www.imdb.com/title/tt1817273/"
"221","tt1120985","Mon Apr  6 00:00:00 2015","","","Blue Valentine","Feature Film","Derek Cianfrance","7","7.4","112","2010","drama, romance","143120","2010-01-24","http://www.imdb.com/title/tt1120985/"
"222","tt0206634","Wed Mar 18 00:00:00 2015","","","Children of Men","Feature Film","Alfonso Cuarón","8","7.9","109","2006","drama, sci_fi, thriller","365474","2006-09-03","http://www.imdb.com/title/tt0206634/"
"223","tt1571249","Mon Mar  9 00:00:00 2015","","","The Skeleton Twins","Feature Film","Craig Johnson","7","6.8","93","2014","comedy, drama","31769","2014-01-18","http://www.imdb.com/title/tt1571249/"
"224","tt2278388","Mon Mar  9 00:00:00 2015","","","The Grand Budapest Hotel","Feature Film","Wes Anderson","9","8.1","99","2014","adventure, comedy, crime, drama","485937","2014-02-06","http://www.imdb.com/title/tt2278388/"
"225","tt2872718","Mon Mar  9 00:00:00 2015","","","Nightcrawler","Feature Film","Dan Gilroy","8","7.9","117","2014","crime, drama, thriller","300459","2014-09-05","http://www.imdb.com/title/tt2872718/"
"226","tt2238050","Mon Mar  9 00:00:00 2015","","","White Bird in a Blizzard","Feature Film","Gregg Araki","6","6.4","91","2014","drama, mystery, thriller","21188","2014-01-20","http://www.imdb.com/title/tt2238050/"
"227","tt2562232","Sun Mar  1 00:00:00 2015","","","Birdman or (The Unexpected Virtue of Ignorance)","Feature Film","Alejandro G. Iñárritu","9","7.8","119","2014","comedy, drama, romance","403227","2014-08-27","http://www.imdb.com/title/tt2562232/"
"228","tt2121382","Sat Feb 21 00:00:00 2015","","","Force Majeure","Feature Film","Ruben Östlund","8","7.3","120","2014","drama","29175","2014-05-18","http://www.imdb.com/title/tt2121382/"
"229","tt0359950","Mon Feb 16 00:00:00 2015","","","The Secret Life of Walter Mitty","Feature Film","Ben Stiller","7","7.3","114","2013","adventure, comedy, drama, fantasy, romance","238801","2013-10-05","http://www.imdb.com/title/tt0359950/"
"230","tt2267998","Tue Jan 20 00:00:00 2015","","","Gone Girl","Feature Film","David Fincher","8","8.1","149","2014","crime, drama, mystery, thriller","581819","2014-09-26","http://www.imdb.com/title/tt2267998/"
"231","tt0372784","Sat Jan 17 00:00:00 2015","","","Batman Begins","Feature Film","Christopher Nolan","7","8.3","140","2005","action, adventure","993946","2005-05-31","http://www.imdb.com/title/tt0372784/"
"232","tt1800241","Sat Jan 17 00:00:00 2015","","","American Hustle","Feature Film","David O. Russell","7","7.3","138","2013","crime, drama","361828","2013-12-12","http://www.imdb.com/title/tt1800241/"
"233","tt1825157","Sat Jan 17 00:00:00 2015","","","The Double","Feature Film","Richard Ayoade","7","6.5","93","2013","comedy, drama, thriller","35566","2013-09-07","http://www.imdb.com/title/tt1825157/"
"234","tt2737050","Sat Jan 10 00:00:00 2015","","","Two Days, One Night","Feature Film","Jean-Pierre Dardenne, Luc Dardenne","8","7.4","95","2014","drama","32885","2014-05-20","http://www.imdb.com/title/tt2737050/"
"235","tt1846445","Sun Jan  4 00:00:00 2015","","","A Cube of Sugar","Feature Film","Seyyed Reza Mir-Karimi","7","7.5","116","2011","comedy, drama, family","2303","2011-10-08","http://www.imdb.com/title/tt1846445/"
"236","tt1345836","Sun Jan  4 00:00:00 2015","","","The Dark Knight Rises","Feature Film","Christopher Nolan","8","8.5","164","2012","action, thriller","1159211","2012-07-16","http://www.imdb.com/title/tt1345836/"
"237","tt0133093","Sun Jan  4 00:00:00 2015","","","The Matrix","Feature Film","The Wachowski Brothers, The Wachowski Brothers","9","8.7","136","1999","action, sci_fi","1232480","1999-03-24","http://www.imdb.com/title/tt0133093/"
"238","tt0790636","Sun Jan  4 00:00:00 2015","","","Dallas Buyers Club","Feature Film","Jean-Marc Vallée","8","8.0","117","2013","biography, drama","331411","2013-09-07","http://www.imdb.com/title/tt0790636/"
"239","tt0903747","Mon Dec 22 00:00:00 2014","","","Breaking Bad","TV Series","","10","9.5","49","2008","crime, drama, thriller","900675","2008-01-20","http://www.imdb.com/title/tt0903747/"
"240","tt1798709","Mon Dec 22 00:00:00 2014","","","Her","Feature Film","Spike Jonze","8","8.0","126","2013","drama, romance, sci_fi","361520","2013-10-12","http://www.imdb.com/title/tt1798709/"
"241","tt3540420","Mon Dec 22 00:00:00 2014","","","The Wedlock","Feature Film","Rouhollah Hejazi","7","6.4","82","2014","drama","464","2014-05-28","http://www.imdb.com/title/tt3540420/"
"242","tt2356777","Thu Dec 18 00:00:00 2014","","","True Detective","TV Series","","10","9.1","55","2014","crime, drama, mystery, thriller","333351","2014-01-12","http://www.imdb.com/title/tt2356777/"
"243","tt1877832","Thu Dec 18 00:00:00 2014","","","X-Men: Days of Future Past","Feature Film","Bryan Singer","7","8.0","132","2014","action, adventure, sci_fi, thriller","520365","2014-05-10","http://www.imdb.com/title/tt1877832/"
"244","tt1631867","Thu Dec 18 00:00:00 2014","","","Edge of Tomorrow","Feature Film","Doug Liman","6","7.9","113","2014","action, adventure, sci_fi","438718","2014-05-28","http://www.imdb.com/title/tt1631867/"
"245","tt0468569","Sat Dec  6 00:00:00 2014","","","The Dark Knight","Feature Film","Christopher Nolan","8","9.0","152","2008","action, crime, drama, thriller","1697804","2008-07-14","http://www.imdb.com/title/tt0468569/"
"246","tt0816692","Sat Dec  6 00:00:00 2014","","","Interstellar","Feature Film","Christopher Nolan","9","8.6","169","2014","adventure, drama, sci_fi","949311","2014-10-26","http://www.imdb.com/title/tt0816692/"
"247","tt1375666","Sat Dec  6 00:00:00 2014","","","Inception","Feature Film","Christopher Nolan","9","8.8","148","2010","action, adventure, sci_fi, thriller","1488280","2010-07-08","http://www.imdb.com/title/tt1375666/"
"248","tt0456396","Sun Nov 30 00:00:00 2014","","","L'enfant","Feature Film","Jean-Pierre Dardenne, Luc Dardenne","8","7.5","95","2005","crime, drama, romance","14497","2005-05-17","http://www.imdb.com/title/tt0456396/"
"249","tt2994190","Thu Nov 27 00:00:00 2014","","","Camp X-Ray","Feature Film","Peter Sattler","7","7.0","117","2014","drama, war","29821","2014-01-17","http://www.imdb.com/title/tt2994190/"
"250","tt2334649","Wed Nov 26 00:00:00 2014","","","Fruitvale Station","Feature Film","Ryan Coogler","7","7.5","85","2013","biography, drama, romance","54710","2013-01-19","http://www.imdb.com/title/tt2334649/"
"251","tt0315543","Mon Nov 24 00:00:00 2014","","","Open Hearts","Feature Film","Susanne Bier","7","7.6","113","2002","drama, romance","7893","2002-08-23","http://www.imdb.com/title/tt0315543/"
"252","tt0457655","Sun Nov 16 00:00:00 2014","","","After the Wedding","Feature Film","Susanne Bier","7","7.8","120","2006","drama","25861","2006-02-24","http://www.imdb.com/title/tt0457655/"
"253","tt2582846","Sun Nov 16 00:00:00 2014","","","The Fault in Our Stars","Feature Film","Josh Boone","7","7.8","126","2014","drama, romance","254539","2014-05-16","http://www.imdb.com/title/tt2582846/"
"254","tt1065073","Sun Nov  2 00:00:00 2014","","","Boyhood","Feature Film","Richard Linklater","9","7.9","165","2014","drama","270332","2014-01-19","http://www.imdb.com/title/tt1065073/"
"255","tt0069467","Wed Oct 29 00:00:00 2014","","","Cries & Whispers","Feature Film","Ingmar Bergman","8","8.2","91","1972","drama","20177","1972-12-21","http://www.imdb.com/title/tt0069467/"
"256","tt1874522","Tue Oct 28 00:00:00 2014","","","Here Without Me","Feature Film","Bahram Tavakoli","8","8.1","100","2011","drama, family","3036","2011-10-03","http://www.imdb.com/title/tt1874522/"
"257","tt1857819","Tue Oct 28 00:00:00 2014","","","Parse Dar Meh","Feature Film","Bahram Tavakoli","7","7.0","87","2010","drama","600","2010-02-15","http://www.imdb.com/title/tt1857819/"
"258","tt3399154","Tue Oct 28 00:00:00 2014","","","Asemane Zarde Kam Omgh (Ehtemale Makoos)","Feature Film","Bahram Tavakoli","7","6.5","","2013","drama, mystery, thriller","354","2013-03-15","http://www.imdb.com/title/tt3399154/"
"259","tt0416449","Mon Apr  9 00:00:00 2007","","","300","Feature Film","Zack Snyder","1","7.7","117","2006","action, drama, fantasy, war","613228","2006-12-09","http://www.imdb.com/title/tt0416449/"
